{
    "Logistic Regression": {
        "confusion_matrix": [
            [
                71,
                1
            ],
            [
                3,
                39
            ]
        ],
        "classification_report": {
            "Benign (0)": {
                "precision": 0.9594594594594594,
                "recall": 0.9861111111111112,
                "f1-score": 0.9726027397260274,
                "support": 72.0
            },
            "Malignant (1)": {
                "precision": 0.975,
                "recall": 0.9285714285714286,
                "f1-score": 0.9512195121951219,
                "support": 42.0
            },
            "accuracy": 0.9649122807017544,
            "macro avg": {
                "precision": 0.9672297297297296,
                "recall": 0.9573412698412699,
                "f1-score": 0.9619111259605746,
                "support": 114.0
            },
            "weighted avg": {
                "precision": 0.9651849217638692,
                "recall": 0.9649122807017544,
                "f1-score": 0.9647247085304307,
                "support": 114.0
            }
        }
    },
    "Decision Tree": {
        "confusion_matrix": [
            [
                68,
                4
            ],
            [
                5,
                37
            ]
        ],
        "classification_report": {
            "Benign (0)": {
                "precision": 0.9315068493150684,
                "recall": 0.9444444444444444,
                "f1-score": 0.9379310344827586,
                "support": 72.0
            },
            "Malignant (1)": {
                "precision": 0.9024390243902439,
                "recall": 0.8809523809523809,
                "f1-score": 0.891566265060241,
                "support": 42.0
            },
            "accuracy": 0.9210526315789473,
            "macro avg": {
                "precision": 0.9169729368526562,
                "recall": 0.9126984126984127,
                "f1-score": 0.9147486497714998,
                "support": 114.0
            },
            "weighted avg": {
                "precision": 0.9207976506585542,
                "recall": 0.9210526315789473,
                "f1-score": 0.9208492773270941,
                "support": 114.0
            }
        }
    },
    "KNN": {
        "confusion_matrix": [
            [
                71,
                1
            ],
            [
                4,
                38
            ]
        ],
        "classification_report": {
            "Benign (0)": {
                "precision": 0.9466666666666667,
                "recall": 0.9861111111111112,
                "f1-score": 0.9659863945578231,
                "support": 72.0
            },
            "Malignant (1)": {
                "precision": 0.9743589743589743,
                "recall": 0.9047619047619048,
                "f1-score": 0.9382716049382716,
                "support": 42.0
            },
            "accuracy": 0.956140350877193,
            "macro avg": {
                "precision": 0.9605128205128205,
                "recall": 0.9454365079365079,
                "f1-score": 0.9521289997480473,
                "support": 114.0
            },
            "weighted avg": {
                "precision": 0.9568690958164642,
                "recall": 0.956140350877193,
                "f1-score": 0.9557756825927252,
                "support": 114.0
            }
        }
    },
    "Naive Bayes": {
        "confusion_matrix": [
            [
                69,
                3
            ],
            [
                6,
                36
            ]
        ],
        "classification_report": {
            "Benign (0)": {
                "precision": 0.92,
                "recall": 0.9583333333333334,
                "f1-score": 0.9387755102040817,
                "support": 72.0
            },
            "Malignant (1)": {
                "precision": 0.9230769230769231,
                "recall": 0.8571428571428571,
                "f1-score": 0.8888888888888888,
                "support": 42.0
            },
            "accuracy": 0.9210526315789473,
            "macro avg": {
                "precision": 0.9215384615384616,
                "recall": 0.9077380952380952,
                "f1-score": 0.9138321995464853,
                "support": 114.0
            },
            "weighted avg": {
                "precision": 0.9211336032388665,
                "recall": 0.9210526315789473,
                "f1-score": 0.9203962286669054,
                "support": 114.0
            }
        }
    },
    "Random Forest": {
        "confusion_matrix": [
            [
                71,
                1
            ],
            [
                3,
                39
            ]
        ],
        "classification_report": {
            "Benign (0)": {
                "precision": 0.9594594594594594,
                "recall": 0.9861111111111112,
                "f1-score": 0.9726027397260274,
                "support": 72.0
            },
            "Malignant (1)": {
                "precision": 0.975,
                "recall": 0.9285714285714286,
                "f1-score": 0.9512195121951219,
                "support": 42.0
            },
            "accuracy": 0.9649122807017544,
            "macro avg": {
                "precision": 0.9672297297297296,
                "recall": 0.9573412698412699,
                "f1-score": 0.9619111259605746,
                "support": 114.0
            },
            "weighted avg": {
                "precision": 0.9651849217638692,
                "recall": 0.9649122807017544,
                "f1-score": 0.9647247085304307,
                "support": 114.0
            }
        }
    },
    "XGBoost": {
        "confusion_matrix": [
            [
                72,
                0
            ],
            [
                3,
                39
            ]
        ],
        "classification_report": {
            "Benign (0)": {
                "precision": 0.96,
                "recall": 1.0,
                "f1-score": 0.9795918367346939,
                "support": 72.0
            },
            "Malignant (1)": {
                "precision": 1.0,
                "recall": 0.9285714285714286,
                "f1-score": 0.9629629629629629,
                "support": 42.0
            },
            "accuracy": 0.9736842105263158,
            "macro avg": {
                "precision": 0.98,
                "recall": 0.9642857142857143,
                "f1-score": 0.9712773998488284,
                "support": 114.0
            },
            "weighted avg": {
                "precision": 0.9747368421052632,
                "recall": 0.9736842105263158,
                "f1-score": 0.9734654095556351,
                "support": 114.0
            }
        }
    }
}